<keymap version="1" name="Default for XWin copy" parent="Default for XWin">
  <action id="Back">
    <keyboard-shortcut first-keystroke="ctrl alt left" />
    <mouse-shortcut keystroke="button4" />
    <keyboard-shortcut first-keystroke="alt numpad4" />
  </action>
  <action id="EditorCloneCaretAbove">
    <keyboard-shortcut first-keystroke="alt numpad8" />
  </action>
  <action id="EditorCloneCaretBelow">
    <keyboard-shortcut first-keystroke="alt numpad2" />
  </action>
  <action id="EditorNextWord">
    <keyboard-shortcut first-keystroke="ctrl numpad6" />
  </action>
  <action id="EditorNextWordInDifferentHumpsMode">
    <keyboard-shortcut first-keystroke="ctrl right" />
  </action>
  <action id="EditorNextWordInDifferentHumpsModeWithSelection">
    <keyboard-shortcut first-keystroke="shift ctrl right" />
  </action>
  <action id="EditorNextWordWithSelection">
    <keyboard-shortcut first-keystroke="shift ctrl numpad6" />
  </action>
  <action id="EditorPreviousWord">
    <keyboard-shortcut first-keystroke="ctrl numpad4" />
  </action>
  <action id="EditorPreviousWordInDifferentHumpsMode">
    <keyboard-shortcut first-keystroke="ctrl left" />
  </action>
  <action id="EditorPreviousWordInDifferentHumpsModeWithSelection">
    <keyboard-shortcut first-keystroke="shift ctrl left" />
  </action>
  <action id="EditorPreviousWordWithSelection">
    <keyboard-shortcut first-keystroke="shift ctrl numpad4" />
  </action>
  <action id="Forward">
    <keyboard-shortcut first-keystroke="ctrl alt right" />
    <mouse-shortcut keystroke="button5" />
    <keyboard-shortcut first-keystroke="alt numpad6" />
  </action>
  <action id="ResizeToolWindowLeft" />
  <action id="ResizeToolWindowRight" />
  <action id="SwitchApply">
    <keyboard-shortcut first-keystroke="shift alt enter" />
  </action>
  <action id="SwitchDown">
    <keyboard-shortcut first-keystroke="shift alt down" />
  </action>
  <action id="SwitchLeft">
    <keyboard-shortcut first-keystroke="shift alt left" />
  </action>
  <action id="SwitchRight">
    <keyboard-shortcut first-keystroke="shift alt right" />
  </action>
  <action id="SwitchUp">
    <keyboard-shortcut first-keystroke="shift alt up" />
  </action>
</keymap>